{
    "Global accuracy": 0.94765,
    "recall_0": 0.9418333333333333,
    "precision_0": 0.9725329570096032,
    "f1-score_0": 0.9569369888066651,
    "true matches_0": 28255,
    "number real samples_0": 30000,
    "number predicted samples_0": 29053,
    "recall_1": 0.9924,
    "precision_1": 0.9827039873250594,
    "f1-score_1": 0.9875281942417407,
    "true matches_1": 29772,
    "number real samples_1": 30000,
    "number predicted samples_1": 30296,
    "recall_2": 0.9135333333333333,
    "precision_2": 0.926786378546549,
    "f1-score_2": 0.9201121350992932,
    "true matches_2": 27406,
    "number real samples_2": 30000,
    "number predicted samples_2": 29571,
    "recall_3": 0.9428333333333333,
    "precision_3": 0.9100707850707851,
    "f1-score_3": 0.9261624099541584,
    "true matches_3": 28285,
    "number real samples_3": 30000,
    "number predicted samples_3": 31080
}