{
    "Global accuracy": 0.99076,
    "recall_0": 0.99144,
    "precision_0": 0.9900934728768874,
    "f1-score_0": 0.9907662789303273,
    "true matches_0": 12393,
    "number real samples_0": 12500,
    "number predicted samples_0": 12517,
    "recall_1": 0.99008,
    "precision_1": 0.9914283425458623,
    "f1-score_1": 0.9907537125245166,
    "true matches_1": 12376,
    "number real samples_1": 12500,
    "number predicted samples_1": 12483
}