{
    "Global accuracy": 0.937475,
    "recall_0": 0.9275333333333333,
    "precision_0": 0.965074740748448,
    "f1-score_0": 0.9459317049954958,
    "true matches_0": 27826,
    "number real samples_0": 30000,
    "number predicted samples_0": 28833,
    "recall_1": 0.9890666666666666,
    "precision_1": 0.9755712641788591,
    "f1-score_1": 0.9822726144169495,
    "true matches_1": 29672,
    "number real samples_1": 30000,
    "number predicted samples_1": 30415,
    "recall_2": 0.9038,
    "precision_2": 0.9111499428725048,
    "f1-score_2": 0.907460089025737,
    "true matches_2": 27114,
    "number real samples_2": 30000,
    "number predicted samples_2": 29758,
    "recall_3": 0.9295,
    "precision_3": 0.8996902626314771,
    "f1-score_3": 0.9143522313670197,
    "true matches_3": 27885,
    "number real samples_3": 30000,
    "number predicted samples_3": 30994
}