{
    "Global accuracy": 0.99976,
    "recall_0": 0.99952,
    "precision_0": 1.0,
    "f1-score_0": 0.9997599423861727,
    "true matches_0": 12494,
    "number real samples_0": 12500,
    "number predicted samples_0": 12494,
    "recall_1": 1.0,
    "precision_1": 0.999520230289461,
    "f1-score_1": 0.9997600575861793,
    "true matches_1": 12500,
    "number real samples_1": 12500,
    "number predicted samples_1": 12506
}