{
    "Global accuracy": 0.95308,
    "recall_0": 0.95384,
    "precision_0": 0.9523923636073168,
    "f1-score_0": 0.953115632119589,
    "true matches_0": 11923,
    "number real samples_0": 12500,
    "number predicted samples_0": 12519,
    "recall_1": 0.95232,
    "precision_1": 0.9537697299895842,
    "f1-score_1": 0.9530443136783956,
    "true matches_1": 11904,
    "number real samples_1": 12500,
    "number predicted samples_1": 12481
}