{
    "Global accuracy": 0.9515583333333333,
    "recall_0": 0.9459666666666666,
    "precision_0": 0.9752233676975945,
    "f1-score_0": 0.9603722504230119,
    "true matches_0": 28379,
    "number real samples_0": 30000,
    "number predicted samples_0": 29100,
    "recall_1": 0.9943333333333333,
    "precision_1": 0.9840337797717227,
    "f1-score_1": 0.9891567463607123,
    "true matches_1": 29830,
    "number real samples_1": 30000,
    "number predicted samples_1": 30314,
    "recall_2": 0.9189333333333334,
    "precision_2": 0.9318235592360994,
    "f1-score_2": 0.9253335571032979,
    "true matches_2": 27568,
    "number real samples_2": 30000,
    "number predicted samples_2": 29585,
    "recall_3": 0.947,
    "precision_3": 0.9164220509015838,
    "f1-score_3": 0.9314601399977049,
    "true matches_3": 28410,
    "number real samples_3": 30000,
    "number predicted samples_3": 31001
}