{
    "Global accuracy": 0.9235166666666667,
    "recall_0": 0.9119333333333334,
    "precision_0": 0.9530411760607539,
    "f1-score_0": 0.932034204340272,
    "true matches_0": 27358,
    "number real samples_0": 30000,
    "number predicted samples_0": 28706,
    "recall_1": 0.9828333333333333,
    "precision_1": 0.9709872884146743,
    "f1-score_1": 0.9768743994964052,
    "true matches_1": 29485,
    "number real samples_1": 30000,
    "number predicted samples_1": 30366,
    "recall_2": 0.8820666666666667,
    "precision_2": 0.8950448165060038,
    "f1-score_2": 0.8885083522202636,
    "true matches_2": 26462,
    "number real samples_2": 30000,
    "number predicted samples_2": 29565,
    "recall_3": 0.9172333333333333,
    "precision_3": 0.8773714249274623,
    "f1-score_3": 0.8968596711373304,
    "true matches_3": 27517,
    "number real samples_3": 30000,
    "number predicted samples_3": 31363
}